*******************************************************************************,,,,,,,,,,,,,
 Revised: Dec 10, 2022        Artemis I / Spacecraft (Earth)              -1023,,,,,,,,,,,,
                              https://www.nasa.gov/artemis-1,,,,,,,,,,,,,
,,,,,,,,,,,,,
 BACKGROUND:,,,,,,,,,,,,,
  NASA's 26-day unmanned Artemis I mission was a test of integrated systems to:,,,,,,,,,,,,,
,,,,,,,,,,,,,
   - launch Orion atop the SLS rocket ,,,,,,,,,,,,,
   - operate the spacecraft in a deep space environment,,,,,,,,,,,,,
   - orbit the Moon in a distant retrograde orbit before returning to Earth,,,,,,,,,,,,,
   - test Orion's heat shield at 30,000 km/hr (2760 deg. C), and ,,,,,,,,,,,
   - recover the crew module after reentry, descent, and splashdown,,,,,,,,,,,
,,,,,,,,,,,,,
 MAJOR EVENTS:,,,,,,,,,,,,,
  Launched November 16 @ 06:47:44 UTC from pad 39B at the Kennedy Space Center. ,,,,,,,,,,,,,
,,,,,,,,,,,,,
  Relative timings below may or may not be be shifted slightly due to launch ,,,,,,,,,,,,,
  being delayed 43 minutes.,,,,,,,,,,,,,
,,,,,,,,,,,,,
  launch+00h 18m 09s - Orion deploys solar arrays in Earth orbit,,,,,,,,,,,,,
        +00h 52m 56s - Perigee raise maneuver (22 second burn),,,,,,,,,,,,,
        +01h 29m 27s - Trans-lunar injection burn (18m burn),,,,,,,,,,,,,
        +01h 57m 36s - Orion/ICPS separation ,,,,,,,,,,,,,
        +01h 58m 58s - Upper stage separation burn,,,,,,,,,,,,,
,,,,,,,,,,,,,
"  After Orion separates from the ICPS (""Interim Cryogenic Propulsion Stage"")", ,,,,,,,,,,,,
"  10 small spacecraft (""CubeSats"") will be deployed to perform experiments and",,,,,,,,,,,,,
  technology demonstrations. Each CubeSat provides its own propulsion and ,,,,,,,,,,,,,
  navigation.,,,,,,,,,,,,,
,,,,,,,,,,,,,
        +07h 47m 31s - Outbound Trajectory Correction-1 burn,,,,,,,,,,,,,
,,,,,,,,,,,,,
   Flight Day  02-05 - Outbound transit ,,,,,,,,,,,,,
               06-09 - Transit to Distant Retrograde Orbit (DRO) around Moon,,,,,,,,,,,,,
                         closest lunar approach ~97 km (Day 06),,,,,,,,,,,,,
               10-15 - In DRO,,,,,,,,,,,,,
               16-19 - Exit DRO (departure burn on Day 24),,,,,,,,,,,,,
               20-26 - Return transit,,,,,,,,,,,,,
                  26 - Entry and splashdown (Pacific),,,,,,,,,,,,,
,,,,,,,,,,,,,
  Splashdown off Baja California on Dec 11 at 17:40:30 UTC,,,,,,,,,,,,,
  Mission elapsed time was 25 days, 10h 54m 50s,,,,,,,,,,,,
,,,,,,,,,,,,,
 ORION TEST DUMMIES (named by public contest),,,,,,,,,,,,,
,,,,,,,,,,,,,
  Commander Moonikin Campos - A suited manikin will occupy the commander's seat,,,,,,,,,,,,,
   inside Orion to provide data on vibration, acceleration, and radiation that,,,,,,,,,,,
   crew members may experience in flight.,,,,,,,,,,,,,
 ,,,,,,,,,,,,,
  Helga and Zohar - Two additional seats in Orion will be occupied by manikin ,,,,,,,,,,,,,
   torsos manufactured from materials that mimic human bones, soft tissues, and,,,,,,,,,,,
   organs. The torsos will be fitted with more than 5,600 passive sensors and ,,,,,,,,,,,,
   34 active radiation detectors.,,,,,,,,,,,,,
,,,,,,,,,,,,,
   Zohar will wear a radiation protection vest while Helga will not. The study,,,,,,,,,,,,,
   will provide data on radiation levels astronauts may encounter on lunar ,,,,,,,,,,,,,
   missions and evaluate the effectiveness of the protective vest.,,,,,,,,,,,,,
,,,,,,,,,,,,,
 SPACECRAFT DETAILS,,,,,,,,,,,,,
  SLS                ,,,,,,,,,,,,,
   * Height                : 98 meters,,,,,,,,,,,,,
   * Mass at liftoff       : 2.61 million kg,,,,,,,,,,,,,
   * Thrust at liftoff     : 39.1 million Newtons,,,,,,,,,,,,,
   * Payload to the moon   : 27,000 kg,,,,,,,,,,,,
 ,,,,,,,,,,,,,
  Orion module,,,,,,,,,,,,,
   * Crew + service mod hgt: 7.92 meters,,,,,,,,,,,,,
   * Pressurized volume    : 19.6 m^3 ,,,,,,,,,,,,,
   * Mass to the Moon      : 24,000 kg,,,,,,,,,,,,
   * Return mass at landing:  8,260 kg,,,,,,,,,,,,
  ,,,,,,,,,,,,,
 CUBESATS DISPENSED (independent missions and trajectories once released):,,,,,,,,,,,,,
  Moon,,,,,,,,,,,,,
   Lunar IceCube: Detect all forms of water & other volatiles (IR spectrometer),,,,,,,,,,,,,
   LunaH-Map    : Higher-fidelity mapping of near-surface hydrogen in craters ,,,,,,,,,,,,,
                  and other permanently shadowed regions of the lunar South ,,,,,,,,,,,,,
                  Pole (neutron spectrometers) [UPDATE: missed maneuver],,,,,,,,,,,,,
   LunIR        : Infrared imaging of the lunar surface [UPDATE: problems],,,,,,,,,,,,,
   OMOTENASHI   : Lunar lander and studying the lunar environment,,,,,,,,,,,,,
                  Separate trajectory available in Horizons.,,,,,,,,,,,,,
                  [UPDATE: lunar activity cancelled, communications problems],,,,,,,,,,,,
,,,,,,,,,,,,,
  Radiation,,,,,,,,,,,,,
   CuSP         : Measure particles & magnetic fields (space weather station),,,,,,,,,,,,,
   BioSentinel  : Use single-celled yeast to detect, measure and compare the ,,,,,,,,,,,,
                  impact of deep-space radiation on living organisms over a ,,,,,,,,,,,,,
                  long period of time,,,,,,,,,,,,,
   EQUULEUS     : Image Earth's plasmasphere for a better understanding of,,,,,,,,,,,,,
                  Earth's radiation environment from Earth-Moon LaGrange 2 ,,,,,,,,,,,,,
"                  point (""EM-L2""", object 3012 in Horizons),,,,,,,,,,,,
,,,,,,,,,,,,,
  Asteroid,,,,,,,,,,,,,
   NEA Scout    : Travel by solar sail to asteroid 2020 GE to image and ,,,,,,,,,,,,,
                  characterize its surface in September 2024.  Separate ,,,,,,,,,,,,,
                  trajectory available in Horizons.,,,,,,,,,,,,,
                  [UPDATE: No contact after deployment],,,,,,,,,,,,,
,,,,,,,,,,,,,
  Technology Demonstrations,,,,,,,,,,,,,
   ArgoMoon      : Observing interim cryogenic propulsion stage with advanced ,,,,,,,,,,,,,
                   optics and software imaging system,,,,,,,,,,,,,
   Team Miles    : Demonstrating propulsion using plasma thrusters, competing ,,,,,,,,,,,,
                   in NASA's Deep Space Derby [UPDATE: no contact after ,,,,,,,,,,,,,
                   deployment],,,,,,,,,,,,,
,,,,,,,,,,,,,
 SPACECRAFT TRAJECTORY:,,,,,,,,,,,,,
  Post-launch Orion trajectory data from NASA/JSC navigation (concatenated):,,,,,,,,,,,,,
,,,,,,,,,,,,,
  Trajectory name                              Start (TDB)    Stop (TDB),,,,,,,,,,,,,
  ----------------------------------------- ----------------- -----------------,,,,,,,,,,,,,
  Orion_OEM_20221117_1600_V0.1              2022-Nov-16 09:03 2022-Nov-17 17:47,,,,,,,,,,,,,
  20221118_1920_EPH_OEM.V0.1                2022-Nov-17 17:47 2022-Nov-19 03:51,,,,,,,,,,,,,
  20221119_1407_V0.2                        2022-Nov-19 03:51 2022-Nov-19 18:35,,,,,,,,,,,,,
  20221120_1342_V0.1                        2022-Nov-19 18:35 2022-Nov-20 13:12,,,,,,,,,,,,,
  20221121_1411_V0.1                        2022-Nov-20 13:12 2022-Nov-21 16:58,,,,,,,,,,,,,
  20221121_1235_V0.1                        2022-Nov-21 16:58 2022-Nov-23 00:32,,,,,,,,,,,,,
  20221124_0150_V0.1                        2022-Nov-23 00:32 2022-Nov-24 01:04,,,,,,,,,,,,,
  20221125_0550_V0.1                        2022-Nov-24 01:04 2022-Nov-27 01:11,,,,,,,,,,,,,
  20221127_1156_V0.1                        2022-Nov-27 01:11 2022-Nov-28 00:09,,,,,,,,,,,,,
  20221129_1115_V0.1                        2022-Nov-28 00:09 2022-Nov-29 15:42,,,,,,,,,,,,,
  20221201_0017_V0.1                        2022-Nov-29 15:42 2022-Nov-30 16:32,,,,,,,,,,,,,
  20221201_1240_V0.1                        2022-Nov-30 16:32 2022-Dec-02 09:11,,,,,,,,,,,,,
  20221203_0000_V0.1                        2022-Dec-02 09:11 2022-Dec-03 14:52,,,,,,,,,,,,,
  20221205_0010_V0.1                        2022-Dec-03 14:52 2022-Dec-04 18:45,,,,,,,,,,,,,
  20221205_0100_V0.1                        2022-Dec-04 18:45 2022-Dec-05 19:22,,,,,,,,,,,,,
  20221206_1330_V0.2                        2022-Dec-05 19:22 2022-Dec-06 17:11,,,,,,,,,,,,,
  20221207_1334_V0.1                        2022-Dec-06 17:11 2022-Dec-07 05:11,,,,,,,,,,,,,
  20221208_0703_V0.1                        2022-Dec-07 05:11 2022-Dec-08 19:12,,,,,,,,,,,,,
  20221208_1345.V0.10                       2022-Dec-08 19:12 2022-Dec-10 01:34,,,,,,,,,,,,,
  20221210_2304.V0.1                        2022-Dec-10 01:34 2022-Dec-11 17:19,,,,,,,,,,,,,
*******************************************************************************,,,,,,,,,,,,,
,,,,,,,,,,,,,
,,,,,,,,,,,,,
*******************************************************************************,,,,,,,,,,,,,
Ephemeris / WWW_USER Mon Sep  1 15:47:44 2025 Pasadena, USA      / Horizons,,,,,,,,,,,,
*******************************************************************************,,,,,,,,,,,,,
Target body name: Artemis I (spacecraft) (-1023)  {source: Artemis_I_merged},,,,,,,,,,,,,
Center body name: Earth (399)                     {source: DE441},,,,,,,,,,,,,
Center-site name: BODY CENTER,,,,,,,,,,,,,
*******************************************************************************,,,,,,,,,,,,,
Start time      : A.D. 2022-Nov-16 09:03:00.0000 TDB,,,,,,,,,,,,,
Stop  time      : A.D. 2022-Nov-19 17:20:05.5807 TDB,,,,,,,,,,,,,
Step-size       : 60 minutes,,,,,,,,,,,,,
*******************************************************************************,,,,,,,,,,,,,
Center geodetic : 0.0,0, 0.0                   {E-lon(deg),Lat(deg),Alt(km)},,,,,,,,,
Center cylindric: 0.0,0, 0.0                   {E-lon(deg),Dxy(km),Dz(km)},,,,,,,,,
Center radii    : 6378.137,6378.137, 6356.752 km {Equator_a, b, pole_c},,,,,,,,,
Keplerian GM    : 3.9860043550702260E+05 km^3/s^2,,,,,,,,,,,,,
Output units    : KM-S, deg, Julian Day Number (Tp),,,,,,,,,,,
Calendar mode   : Mixed Julian/Gregorian,,,,,,,,,,,,,
Output type     : GEOMETRIC osculating elements,,,,,,,,,,,,,
Output format   : 10,,,,,,,,,,,,,
EOP file        : eop.250901.p251127,,,,,,,,,,,,,
EOP coverage    : DATA-BASED 1962-JAN-20 TO 2025-SEP-01. PREDICTS-> 2025-NOV-26,,,,,,,,,,,,,
Reference frame : Ecliptic of J2000.0,,,,,,,,,,,,,
*******************************************************************************,,,,,,,,,,,,,
            JDTDB,            Calendar Date (TDB),                     EC,                     QR,                     IN,                     OM,                      W,                     Tp,                      N,                     MA,                     TA,                      A,                     AD,                     PR
**************************************************************************************************************************************************************************************************************************************************************************************************************************************************,,,,,,,,,,,,,
$$SOE,,,,,,,,,,,,,
2459899.877, A.D. 2022-Nov-16 09:03:00.0000,9.65E-01,6.89E+03,8.51E+00,3.87E+01,3.51E+02,2.46E+06,4.19E-04,9.19E-01,9.95E+01,1.95E+05,3.84E+05,8.58E+05
2459899.919, A.D. 2022-Nov-16 10:03:00.0000,9.65E-01,6.89E+03,8.51E+00,3.87E+01,3.51E+02,2.46E+06,4.20E-04,2.43E+00,1.27E+02,1.95E+05,3.83E+05,8.58E+05
2459899.96, A.D. 2022-Nov-16 11:03:00.0000,9.65E-01,6.89E+03,8.51E+00,3.87E+01,3.51E+02,2.46E+06,4.20E-04,3.94E+00,1.37E+02,1.95E+05,3.83E+05,8.57E+05
2459900.002, A.D. 2022-Nov-16 12:03:00.0000,9.65E-01,6.89E+03,8.51E+00,3.87E+01,3.51E+02,2.46E+06,4.20E-04,5.45E+00,1.43E+02,1.95E+05,3.83E+05,8.57E+05
2459900.044, A.D. 2022-Nov-16 13:03:00.0000,9.65E-01,6.89E+03,8.51E+00,3.87E+01,3.51E+02,2.46E+06,4.20E-04,6.97E+00,1.47E+02,1.95E+05,3.83E+05,8.58E+05
2459900.085, A.D. 2022-Nov-16 14:03:00.0000,9.65E-01,6.89E+03,8.51E+00,3.87E+01,3.51E+02,2.46E+06,4.20E-04,8.48E+00,1.49E+02,1.95E+05,3.83E+05,8.58E+05
2459900.127, A.D. 2022-Nov-16 15:03:00.0000,9.67E-01,6.37E+03,8.63E+00,3.80E+01,3.51E+02,2.46E+06,4.20E-04,9.92E+00,1.53E+02,1.95E+05,3.84E+05,8.57E+05
2459900.169, A.D. 2022-Nov-16 16:03:00.0000,9.67E-01,6.37E+03,8.63E+00,3.80E+01,3.51E+02,2.46E+06,4.20E-04,1.14E+01,1.54E+02,1.95E+05,3.84E+05,8.57E+05
2459900.21, A.D. 2022-Nov-16 17:03:00.0000,9.67E-01,6.37E+03,8.63E+00,3.80E+01,3.51E+02,2.46E+06,4.20E-04,1.29E+01,1.56E+02,1.95E+05,3.84E+05,8.57E+05
2459900.252, A.D. 2022-Nov-16 18:03:00.0000,9.67E-01,6.37E+03,8.63E+00,3.80E+01,3.51E+02,2.46E+06,4.20E-04,1.45E+01,1.57E+02,1.95E+05,3.84E+05,8.57E+05
2459900.294, A.D. 2022-Nov-16 19:03:00.0000,9.67E-01,6.37E+03,8.63E+00,3.80E+01,3.51E+02,2.46E+06,4.20E-04,1.60E+01,1.58E+02,1.95E+05,3.84E+05,8.57E+05
2459900.335, A.D. 2022-Nov-16 20:03:00.0000,9.67E-01,6.37E+03,8.64E+00,3.80E+01,3.51E+02,2.46E+06,4.20E-04,1.75E+01,1.59E+02,1.95E+05,3.84E+05,8.57E+05
2459900.377, A.D. 2022-Nov-16 21:03:00.0000,9.67E-01,6.37E+03,8.64E+00,3.80E+01,3.51E+02,2.46E+06,4.20E-04,1.90E+01,1.60E+02,1.95E+05,3.84E+05,8.57E+05
2459900.419, A.D. 2022-Nov-16 22:03:00.0000,9.67E-01,6.37E+03,8.64E+00,3.80E+01,3.51E+02,2.46E+06,4.20E-04,2.05E+01,1.60E+02,1.95E+05,3.84E+05,8.57E+05
2459900.46, A.D. 2022-Nov-16 23:03:00.0000,9.67E-01,6.36E+03,8.64E+00,3.80E+01,3.51E+02,2.46E+06,4.20E-04,2.20E+01,1.61E+02,1.95E+05,3.84E+05,8.57E+05
2459900.502, A.D. 2022-Nov-17 00:03:00.0000,9.67E-01,6.36E+03,8.64E+00,3.80E+01,3.51E+02,2.46E+06,4.20E-04,2.35E+01,1.62E+02,1.95E+05,3.84E+05,8.57E+05
2459900.544, A.D. 2022-Nov-17 01:03:00.0000,9.67E-01,6.36E+03,8.64E+00,3.80E+01,3.51E+02,2.46E+06,4.20E-04,2.50E+01,1.62E+02,1.95E+05,3.84E+05,8.57E+05
2459900.585, A.D. 2022-Nov-17 02:03:00.0000,9.67E-01,6.36E+03,8.64E+00,3.80E+01,3.51E+02,2.46E+06,4.20E-04,2.65E+01,1.63E+02,1.95E+05,3.84E+05,8.57E+05
2459900.627, A.D. 2022-Nov-17 03:03:00.0000,9.67E-01,6.36E+03,8.64E+00,3.80E+01,3.51E+02,2.46E+06,4.20E-04,2.81E+01,1.63E+02,1.95E+05,3.84E+05,8.57E+05
2459900.669, A.D. 2022-Nov-17 04:03:00.0000,9.67E-01,6.35E+03,8.64E+00,3.80E+01,3.51E+02,2.46E+06,4.20E-04,2.96E+01,1.64E+02,1.95E+05,3.84E+05,8.57E+05
2459900.71, A.D. 2022-Nov-17 05:03:00.0000,9.67E-01,6.35E+03,8.64E+00,3.80E+01,3.51E+02,2.46E+06,4.20E-04,3.11E+01,1.64E+02,1.95E+05,3.84E+05,8.57E+05
2459900.752, A.D. 2022-Nov-17 06:03:00.0000,9.67E-01,6.35E+03,8.64E+00,3.80E+01,3.51E+02,2.46E+06,4.20E-04,3.26E+01,1.65E+02,1.95E+05,3.84E+05,8.57E+05
2459900.794, A.D. 2022-Nov-17 07:03:00.0000,9.67E-01,6.35E+03,8.64E+00,3.80E+01,3.51E+02,2.46E+06,4.20E-04,3.41E+01,1.65E+02,1.95E+05,3.84E+05,8.57E+05
2459900.835, A.D. 2022-Nov-17 08:03:00.0000,9.67E-01,6.34E+03,8.64E+00,3.80E+01,3.51E+02,2.46E+06,4.20E-04,3.56E+01,1.66E+02,1.95E+05,3.84E+05,8.57E+05
2459900.877, A.D. 2022-Nov-17 09:03:00.0000,9.67E-01,6.34E+03,8.65E+00,3.80E+01,3.51E+02,2.46E+06,4.20E-04,3.71E+01,1.66E+02,1.95E+05,3.84E+05,8.57E+05
2459900.919, A.D. 2022-Nov-17 10:03:00.0000,9.68E-01,6.34E+03,8.65E+00,3.80E+01,3.51E+02,2.46E+06,4.20E-04,3.86E+01,1.66E+02,1.95E+05,3.84E+05,8.57E+05
2459900.96, A.D. 2022-Nov-17 11:03:00.0000,9.68E-01,6.33E+03,8.65E+00,3.80E+01,3.51E+02,2.46E+06,4.20E-04,4.01E+01,1.67E+02,1.95E+05,3.84E+05,8.57E+05
2459901.002, A.D. 2022-Nov-17 12:03:00.0000,9.68E-01,6.33E+03,8.66E+00,3.79E+01,3.51E+02,2.46E+06,4.20E-04,4.17E+01,1.67E+02,1.95E+05,3.84E+05,8.57E+05
2459901.044, A.D. 2022-Nov-17 13:03:00.0000,9.68E-01,6.33E+03,8.67E+00,3.79E+01,3.51E+02,2.46E+06,4.20E-04,4.32E+01,1.67E+02,1.95E+05,3.84E+05,8.57E+05
2459901.085, A.D. 2022-Nov-17 14:03:00.0000,9.68E-01,6.33E+03,8.67E+00,3.79E+01,3.51E+02,2.46E+06,4.20E-04,4.47E+01,1.68E+02,1.95E+05,3.84E+05,8.57E+05
2459901.127, A.D. 2022-Nov-17 15:03:00.0000,9.68E-01,6.32E+03,8.67E+00,3.79E+01,3.51E+02,2.46E+06,4.20E-04,4.62E+01,1.68E+02,1.95E+05,3.84E+05,8.57E+05
2459901.169, A.D. 2022-Nov-17 16:03:00.0000,9.68E-01,6.32E+03,8.67E+00,3.79E+01,3.51E+02,2.46E+06,4.20E-04,4.77E+01,1.68E+02,1.95E+05,3.84E+05,8.57E+05
2459901.21, A.D. 2022-Nov-17 17:03:00.0000,9.68E-01,6.31E+03,8.67E+00,3.79E+01,3.51E+02,2.46E+06,4.20E-04,4.92E+01,1.68E+02,1.95E+05,3.84E+05,8.57E+05
2459901.252, A.D. 2022-Nov-17 18:03:00.0000,9.68E-01,6.31E+03,8.67E+00,3.79E+01,3.51E+02,2.46E+06,4.20E-04,5.07E+01,1.69E+02,1.95E+05,3.84E+05,8.57E+05
2459901.294, A.D. 2022-Nov-17 19:03:00.0000,9.68E-01,6.30E+03,8.67E+00,3.79E+01,3.51E+02,2.46E+06,4.20E-04,5.22E+01,1.69E+02,1.95E+05,3.84E+05,8.57E+05
2459901.335, A.D. 2022-Nov-17 20:03:00.0000,9.68E-01,6.29E+03,8.67E+00,3.79E+01,3.51E+02,2.46E+06,4.20E-04,5.37E+01,1.69E+02,1.95E+05,3.84E+05,8.57E+05
2459901.377, A.D. 2022-Nov-17 21:03:00.0000,9.68E-01,6.29E+03,8.67E+00,3.79E+01,3.51E+02,2.46E+06,4.20E-04,5.53E+01,1.69E+02,1.95E+05,3.84E+05,8.57E+05
2459901.419, A.D. 2022-Nov-17 22:03:00.0000,9.68E-01,6.28E+03,8.68E+00,3.79E+01,3.51E+02,2.46E+06,4.20E-04,5.68E+01,1.70E+02,1.95E+05,3.84E+05,8.57E+05
2459901.46, A.D. 2022-Nov-17 23:03:00.0000,9.68E-01,6.27E+03,8.68E+00,3.79E+01,3.51E+02,2.46E+06,4.20E-04,5.83E+01,1.70E+02,1.95E+05,3.84E+05,8.57E+05
2459901.502, A.D. 2022-Nov-18 00:03:00.0000,9.68E-01,6.27E+03,8.68E+00,3.79E+01,3.51E+02,2.46E+06,4.20E-04,5.98E+01,1.70E+02,1.95E+05,3.84E+05,8.57E+05
2459901.544, A.D. 2022-Nov-18 01:03:00.0000,9.68E-01,6.26E+03,8.68E+00,3.79E+01,3.51E+02,2.46E+06,4.20E-04,6.13E+01,1.70E+02,1.95E+05,3.84E+05,8.57E+05
2459901.585, A.D. 2022-Nov-18 02:03:00.0000,9.68E-01,6.25E+03,8.68E+00,3.79E+01,3.51E+02,2.46E+06,4.20E-04,6.28E+01,1.70E+02,1.95E+05,3.84E+05,8.57E+05
2459901.627, A.D. 2022-Nov-18 03:03:00.0000,9.68E-01,6.24E+03,8.69E+00,3.79E+01,3.51E+02,2.46E+06,4.20E-04,6.43E+01,1.71E+02,1.95E+05,3.84E+05,8.57E+05
2459901.669, A.D. 2022-Nov-18 04:03:00.0000,9.68E-01,6.23E+03,8.69E+00,3.79E+01,3.51E+02,2.46E+06,4.20E-04,6.58E+01,1.71E+02,1.95E+05,3.84E+05,8.57E+05
2459901.71, A.D. 2022-Nov-18 05:03:00.0000,9.67E-01,6.38E+03,8.38E+00,3.86E+01,3.50E+02,2.46E+06,4.20E-04,6.73E+01,1.71E+02,1.95E+05,3.84E+05,8.58E+05
2459901.752, A.D. 2022-Nov-18 06:03:00.0000,9.68E-01,6.21E+03,8.70E+00,3.79E+01,3.51E+02,2.46E+06,4.20E-04,6.89E+01,1.71E+02,1.95E+05,3.84E+05,8.57E+05
2459901.794, A.D. 2022-Nov-18 07:03:00.0000,9.68E-01,6.20E+03,8.71E+00,3.78E+01,3.51E+02,2.46E+06,4.20E-04,7.04E+01,1.71E+02,1.95E+05,3.84E+05,8.57E+05
2459901.835, A.D. 2022-Nov-18 08:03:00.0000,9.68E-01,6.19E+03,8.71E+00,3.78E+01,3.51E+02,2.46E+06,4.20E-04,7.19E+01,1.72E+02,1.95E+05,3.84E+05,8.57E+05
2459901.877, A.D. 2022-Nov-18 09:03:00.0000,9.68E-01,6.18E+03,8.71E+00,3.78E+01,3.51E+02,2.46E+06,4.20E-04,7.34E+01,1.72E+02,1.95E+05,3.84E+05,8.57E+05
2459901.919, A.D. 2022-Nov-18 10:03:00.0000,9.68E-01,6.17E+03,8.72E+00,3.78E+01,3.51E+02,2.46E+06,4.20E-04,7.49E+01,1.72E+02,1.95E+05,3.84E+05,8.56E+05
2459901.96, A.D. 2022-Nov-18 11:03:00.0000,9.68E-01,6.16E+03,8.72E+00,3.78E+01,3.51E+02,2.46E+06,4.20E-04,7.64E+01,1.72E+02,1.95E+05,3.84E+05,8.56E+05
2459902.002, A.D. 2022-Nov-18 12:03:00.0000,9.68E-01,6.14E+03,8.72E+00,3.78E+01,3.51E+02,2.46E+06,4.20E-04,7.80E+01,1.72E+02,1.95E+05,3.84E+05,8.56E+05
2459902.044, A.D. 2022-Nov-18 13:03:00.0000,9.69E-01,6.13E+03,8.73E+00,3.78E+01,3.51E+02,2.46E+06,4.20E-04,7.95E+01,1.72E+02,1.95E+05,3.84E+05,8.56E+05
2459902.085, A.D. 2022-Nov-18 14:03:00.0000,9.69E-01,6.12E+03,8.73E+00,3.78E+01,3.51E+02,2.46E+06,4.20E-04,8.10E+01,1.73E+02,1.95E+05,3.84E+05,8.56E+05
2459902.127, A.D. 2022-Nov-18 15:03:00.0000,9.69E-01,6.10E+03,8.74E+00,3.78E+01,3.51E+02,2.46E+06,4.21E-04,8.25E+01,1.73E+02,1.95E+05,3.84E+05,8.56E+05
2459902.169, A.D. 2022-Nov-18 16:03:00.0000,9.69E-01,6.09E+03,8.74E+00,3.78E+01,3.51E+02,2.46E+06,4.21E-04,8.40E+01,1.73E+02,1.95E+05,3.84E+05,8.56E+05
2459902.21, A.D. 2022-Nov-18 17:03:00.0000,9.69E-01,6.07E+03,8.75E+00,3.78E+01,3.51E+02,2.46E+06,4.21E-04,8.55E+01,1.73E+02,1.95E+05,3.84E+05,8.56E+05
2459902.252, A.D. 2022-Nov-18 18:03:00.0000,9.69E-01,6.06E+03,8.75E+00,3.78E+01,3.51E+02,2.46E+06,4.21E-04,8.71E+01,1.73E+02,1.95E+05,3.84E+05,8.56E+05
2459902.294, A.D. 2022-Nov-18 19:03:00.0000,9.69E-01,6.04E+03,8.76E+00,3.77E+01,3.51E+02,2.46E+06,4.21E-04,8.86E+01,1.73E+02,1.95E+05,3.84E+05,8.56E+05
2459902.335, A.D. 2022-Nov-18 20:03:00.0000,9.69E-01,6.02E+03,8.76E+00,3.77E+01,3.51E+02,2.46E+06,4.21E-04,9.01E+01,1.74E+02,1.95E+05,3.84E+05,8.56E+05
2459902.377, A.D. 2022-Nov-18 21:03:00.0000,9.69E-01,6.00E+03,8.77E+00,3.77E+01,3.51E+02,2.46E+06,4.21E-04,9.16E+01,1.74E+02,1.95E+05,3.84E+05,8.56E+05
2459902.419, A.D. 2022-Nov-18 22:03:00.0000,9.69E-01,5.98E+03,8.78E+00,3.77E+01,3.51E+02,2.46E+06,4.21E-04,9.31E+01,1.74E+02,1.95E+05,3.84E+05,8.55E+05
2459902.46, A.D. 2022-Nov-18 23:03:00.0000,9.69E-01,5.97E+03,8.78E+00,3.77E+01,3.51E+02,2.46E+06,4.21E-04,9.47E+01,1.74E+02,1.95E+05,3.84E+05,8.55E+05
2459902.502, A.D. 2022-Nov-19 00:03:00.0000,9.69E-01,5.94E+03,8.79E+00,3.77E+01,3.51E+02,2.46E+06,4.21E-04,9.62E+01,1.74E+02,1.95E+05,3.84E+05,8.55E+05
2459902.544, A.D. 2022-Nov-19 01:03:00.0000,9.70E-01,5.92E+03,8.80E+00,3.77E+01,3.51E+02,2.46E+06,4.21E-04,9.77E+01,1.74E+02,1.95E+05,3.84E+05,8.55E+05
2459902.585, A.D. 2022-Nov-19 02:03:00.0000,9.70E-01,5.90E+03,8.80E+00,3.77E+01,3.51E+02,2.46E+06,4.21E-04,9.92E+01,1.74E+02,1.95E+05,3.84E+05,8.55E+05
2459902.627, A.D. 2022-Nov-19 03:03:00.0000,9.70E-01,5.88E+03,8.81E+00,3.76E+01,3.51E+02,2.46E+06,4.21E-04,1.01E+02,1.75E+02,1.95E+05,3.84E+05,8.55E+05
2459902.669, A.D. 2022-Nov-19 04:03:00.0000,9.70E-01,5.85E+03,8.80E+00,3.77E+01,3.51E+02,2.46E+06,4.21E-04,1.02E+02,1.75E+02,1.95E+05,3.84E+05,8.55E+05
2459902.71, A.D. 2022-Nov-19 05:03:00.0000,9.70E-01,5.82E+03,8.81E+00,3.77E+01,3.51E+02,2.46E+06,4.21E-04,1.04E+02,1.75E+02,1.95E+05,3.83E+05,8.55E+05
2459902.752, A.D. 2022-Nov-19 06:03:00.0000,9.70E-01,5.80E+03,8.81E+00,3.77E+01,3.51E+02,2.46E+06,4.21E-04,1.05E+02,1.75E+02,1.95E+05,3.83E+05,8.55E+05
2459902.794, A.D. 2022-Nov-19 07:03:00.0000,9.70E-01,5.77E+03,8.82E+00,3.76E+01,3.51E+02,2.46E+06,4.21E-04,1.07E+02,1.75E+02,1.95E+05,3.83E+05,8.54E+05
2459902.835, A.D. 2022-Nov-19 08:03:00.0000,9.71E-01,5.74E+03,8.83E+00,3.76E+01,3.51E+02,2.46E+06,4.21E-04,1.08E+02,1.75E+02,1.95E+05,3.83E+05,8.54E+05
2459902.877, A.D. 2022-Nov-19 09:03:00.0000,9.71E-01,5.71E+03,8.84E+00,3.76E+01,3.51E+02,2.46E+06,4.21E-04,1.10E+02,1.75E+02,1.95E+05,3.83E+05,8.54E+05
2459902.919, A.D. 2022-Nov-19 10:03:00.0000,9.71E-01,5.68E+03,8.86E+00,3.76E+01,3.51E+02,2.46E+06,4.22E-04,1.11E+02,1.75E+02,1.95E+05,3.83E+05,8.54E+05
2459902.96, A.D. 2022-Nov-19 11:03:00.0000,9.71E-01,5.65E+03,8.87E+00,3.76E+01,3.51E+02,2.46E+06,4.22E-04,1.13E+02,1.76E+02,1.95E+05,3.83E+05,8.54E+05
2459903.002, A.D. 2022-Nov-19 12:03:00.0000,9.71E-01,5.61E+03,8.88E+00,3.76E+01,3.51E+02,2.46E+06,4.22E-04,1.14E+02,1.76E+02,1.95E+05,3.83E+05,8.54E+05
2459903.044, A.D. 2022-Nov-19 13:03:00.0000,9.71E-01,5.58E+03,8.89E+00,3.75E+01,3.51E+02,2.46E+06,4.22E-04,1.16E+02,1.76E+02,1.94E+05,3.83E+05,8.54E+05
2459903.085, A.D. 2022-Nov-19 14:03:00.0000,9.72E-01,5.54E+03,8.91E+00,3.75E+01,3.51E+02,2.46E+06,4.22E-04,1.18E+02,1.76E+02,1.94E+05,3.83E+05,8.53E+05
2459903.127, A.D. 2022-Nov-19 15:03:00.0000,9.72E-01,5.50E+03,8.92E+00,3.75E+01,3.51E+02,2.46E+06,4.22E-04,1.19E+02,1.76E+02,1.94E+05,3.83E+05,8.53E+05
2459903.169, A.D. 2022-Nov-19 16:03:00.0000,9.72E-01,5.46E+03,8.94E+00,3.75E+01,3.51E+02,2.46E+06,4.22E-04,1.21E+02,1.76E+02,1.94E+05,3.83E+05,8.53E+05
2459903.21, A.D. 2022-Nov-19 17:03:00.0000,9.72E-01,5.42E+03,8.96E+00,3.74E+01,3.51E+02,2.46E+06,4.22E-04,1.22E+02,1.76E+02,1.94E+05,3.83E+05,8.53E+05
$$EOE,,,,,,,,,,,,,
**************************************************************************************************************************************************************************************************************************************************************************************************************************************************,,,,,,,,,,,,,
 ,,,,,,,,,,,,,
TIME,,,,,,,,,,,,,
,,,,,,,,,,,,,
"  Barycentric Dynamical Time (""TDB"" or T_eph) output was requested. This",,,,,,,,,,,,,
continuous coordinate time is equivalent to the relativistic proper time,,,,,,,,,,,,,
of a clock at rest in a reference frame co-moving with the solar system,,,,,,,,,,,,,
barycenter but outside the system's gravity well. It is the independent,,,,,,,,,,,,,
variable in the solar system relativistic equations of motion.,,,,,,,,,,,,,
,,,,,,,,,,,,,
  TDB runs at a uniform rate of one SI second per second and is independent,,,,,,,,,,,,,
of irregularities in Earth's rotation.,,,,,,,,,,,,,
 ,,,,,,,,,,,,,
CALENDAR SYSTEM,,,,,,,,,,,,,
,,,,,,,,,,,,,
  Mixed calendar mode was active such that calendar dates after AD 1582-Oct-15,,,,,,,,,,,,,
(if any) are in the modern Gregorian system. Dates prior to 1582-Oct-5 (if any),,,,,,,,,,,,,
are in the Julian calendar system, which is automatically extended for dates,,,,,,,,,,,,
prior to its adoption on 45-Jan-1 BC.  The Julian calendar is useful for,,,,,,,,,,,,,
matching historical dates. The Gregorian calendar more accurately corresponds,,,,,,,,,,,,,
"to the Earth's orbital motion and seasons. A ""Gregorian-only"" calendar mode is",,,,,,,,,,,,,
available if such physical events are the primary interest.,,,,,,,,,,,,,
,,,,,,,,,,,,,
REFERENCE FRAME AND COORDINATES,,,,,,,,,,,,,
,,,,,,,,,,,,,
  Ecliptic at the standard reference epoch,,,,,,,,,,,,,
,,,,,,,,,,,,,
    Reference epoch: J2000.0,,,,,,,,,,,,,
    X-Y plane: adopted Earth orbital plane at the reference epoch,,,,,,,,,,,,,
               Note: IAU76 obliquity of 84381.448 arcseconds wrt ICRF X-Y plane,,,,,,,,,,,,,
    X-axis   : ICRF,,,,,,,,,,,,,
    Z-axis   : perpendicular to the X-Y plane in the directional (+ or -) sense,,,,,,,,,,,,,
               of Earth's north pole at the reference epoch.,,,,,,,,,,,,,
,,,,,,,,,,,,,
  Symbol meaning:,,,,,,,,,,,,,
,,,,,,,,,,,,,
    JDTDB    Julian Day Number, Barycentric Dynamical Time,,,,,,,,,,,,
      EC     Eccentricity, e,,,,,,,,,,,,
      QR     Periapsis distance, q (km),,,,,,,,,,,,
      IN     Inclination w.r.t X-Y plane, i (degrees),,,,,,,,,,,,
      OM     Longitude of Ascending Node, OMEGA, (degrees),,,,,,,,,,,
      W      Argument of Perifocus, w (degrees),,,,,,,,,,,,
      Tp     Time of periapsis (Julian Day Number),,,,,,,,,,,,,
      N      Mean motion, n (degrees/sec),,,,,,,,,,,,
      MA     Mean anomaly, M (degrees),,,,,,,,,,,,
      TA     True anomaly, nu (degrees),,,,,,,,,,,,
      A      Semi-major axis, a (km),,,,,,,,,,,,
      AD     Apoapsis distance (km),,,,,,,,,,,,,
      PR     Sidereal orbit period (sec),,,,,,,,,,,,,
,,,,,,,,,,,,,
ABERRATIONS AND CORRECTIONS,,,,,,,,,,,,,
,,,,,,,,,,,,,
 Geometric osculating elements have NO corrections or aberrations applied.,,,,,,,,,,,,,
,,,,,,,,,,,,,
Computations by ...,,,,,,,,,,,,,
,,,,,,,,,,,,,
    Solar System Dynamics Group, Horizons On-Line Ephemeris System,,,,,,,,,,,,
    4800 Oak Grove Drive, Jet Propulsion Laboratory,,,,,,,,,,,,
    Pasadena, CA  91109   USA,,,,,,,,,,,,
,,,,,,,,,,,,,
    General site: https://ssd.jpl.nasa.gov/,,,,,,,,,,,,,
    Mailing list: https://ssd.jpl.nasa.gov/email_list.html,,,,,,,,,,,,,
    System news : https://ssd.jpl.nasa.gov/horizons/news.html,,,,,,,,,,,,,
    User Guide  : https://ssd.jpl.nasa.gov/horizons/manual.html,,,,,,,,,,,,,
    Connect     : browser        https://ssd.jpl.nasa.gov/horizons/app.html#/x,,,,,,,,,,,,,
                  API            https://ssd-api.jpl.nasa.gov/doc/horizons.html,,,,,,,,,,,,,
                  command-line   telnet ssd.jpl.nasa.gov 6775,,,,,,,,,,,,,
                  e-mail/batch   https://ssd.jpl.nasa.gov/ftp/ssd/horizons_batch.txt,,,,,,,,,,,,,
                  scripts        https://ssd.jpl.nasa.gov/ftp/ssd/SCRIPTS,,,,,,,,,,,,,
    Author      : Jon.D.Giorgini@jpl.nasa.gov,,,,,,,,,,,,,
*******************************************************************************,,,,,,,,,,,,,
